Residue,PO4,GL,NC3,NH3,Inositol,CNO,AM
D1,1,0.0,1.0,1.0,1.0,1.0,0.0
D7,1,0.0,1.0,1.0,1.0,1.0,0.0
S8,1,0.0,1.0,1.0,1.0,1.0,0.0
K10,1,0.0,1.0,0.0,1.0,0.0,0.0
E12,1,1.0,1.0,1.0,1.0,1.0,0.0
G16,1,1.0,1.0,1.0,1.0,1.0,1.0
T17,1,0.0,1.0,1.0,1.0,1.0,0.0
E26,1,0.0,1.0,1.0,1.0,1.0,0.0
A27,1,1.0,1.0,1.0,1.0,1.0,0.0
W28,1,1.0,1.0,1.0,1.0,1.0,1.0
R29,1,0.0,1.0,1.0,1.0,1.0,0.0
D30,1,0.0,1.0,1.0,1.0,1.0,0.0
K33,1,0.0,1.0,0.0,1.0,0.0,0.0
H35,1,0.0,1.0,1.0,1.0,0.0,0.0
S70,1,0.0,1.0,1.0,1.0,1.0,0.0
W115,1,0.0,1.0,1.0,1.0,1.0,0.0
A117,1,1.0,1.0,1.0,1.0,1.0,0.0
W118,1,1.0,1.0,1.0,1.0,1.0,1.0
G119,1,1.0,1.0,1.0,1.0,1.0,1.0
K120,1,1.0,1.0,1.0,1.0,1.0,0.0
S121,1,0.0,1.0,1.0,1.0,1.0,0.0
Y122,1,1.0,1.0,1.0,1.0,1.0,0.0
F123,1,1.0,1.0,1.0,1.0,1.0,1.0
V124,1,1.0,1.0,1.0,1.0,1.0,0.0
R125,1,0.0,1.0,1.0,1.0,1.0,0.0
F160,1,1.0,1.0,1.0,1.0,1.0,0.0
G161,1,1.0,1.0,1.0,1.0,1.0,1.0
V162,1,1.0,1.0,1.0,1.0,1.0,1.0
F163,1,1.0,1.0,1.0,1.0,1.0,1.0
H164,1,1.0,1.0,1.0,1.0,1.0,0.0
T165,1,0.0,1.0,1.0,1.0,1.0,0.0
S166,1,0.0,1.0,1.0,1.0,1.0,0.0
W168,0,0.0,0.0,0.0,0.0,0.0,0.0
E192,0,0.0,0.0,0.0,0.0,0.0,0.0
W201,0,0.0,0.0,0.0,0.0,0.0,0.0
S300,0,0.0,0.0,0.0,0.0,0.0,0.0
